{
  "project_info": {
    "project_number": "395688268488",
    "project_id": "my-applicationparivahansewa",
    "storage_bucket": "my-applicationparivahansewa.appspot.com"
  },
  "client": [
    {
      "client_info": {
        "mobilesdk_app_id": "1:395688268488:android:bf6854cea6862a4fb30bfd",
        "android_client_info": {
          "package_name": "com.example.myapplicationparivahansewa"
        }
      },
      "oauth_client": [
        {
          "client_id": "395688268488-25eabfr7k7te8l732kinkagrghq2eu12.apps.googleusercontent.com",
          "client_type": 3
        }
      ],
      "api_key": [
        {
          "current_key": "AIzaSyDDcVZf61J_VaVB1AbPOuUzR4gpfcn9YT4"
        }
      ],
      "services": {
        "appinvite_service": {
          "other_platform_oauth_client": [
            {
              "client_id": "395688268488-25eabfr7k7te8l732kinkagrghq2eu12.apps.googleusercontent.com",
              "client_type": 3
            }
          ]
        }
      }
    }
  ],
  "configuration_version": "1"
}